URL,Status
https://www.latimes.com/,200
https://www.latimes.com/california,200
https://www.latimes.com/topic/election-2024,200
https://www.latimes.com/homeless-housing,200
https://www.latimes.com/politics,200
https://www.latimes.com/science,200
https://www.latimes.com/world-nation,200
https://www.latimes.com/business,200
https://www.latimes.com/topic/artificial-intelligence,200
https://www.latimes.com/business/autos,200
https://www.latimes.com/topic/jobs-labor,200
https://www.latimes.com/business/real-estate,200
https://www.latimes.com/business/technology,200
https://www.latimes.com/topic/california-law-politics,200
https://www.latimes.com/topic/earthquakes,200
https://www.latimes.com/topic/education,200
https://www.latimes.com/la-influential,200
https://www.latimes.com/topic/la-politics,200
https://www.latimes.com/topic/mental-health,200
https://www.latimes.com/environment,200
https://www.latimes.com/topic/global-warming,200
https://www.latimes.com/topic/california-drought,200
https://www.latimes.com/entertainment-arts,200
https://www.latimes.com/topic/arts,200
https://www.latimes.com/entertainment-arts/books,200
https://www.latimes.com/topic/comedy,200
https://www.latimes.com/entertainment-arts/business,200
https://www.latimes.com/entertainment-arts/awards,200
https://www.latimes.com/entertainment-arts/movies,200
https://www.latimes.com/entertainment-arts/music,200
https://www.latimes.com/entertainment-arts/tv,200
https://www.latimes.com/topic/things-to-do,200
https://www.latimes.com/delos,200
https://www.latimes.com/espanol/,200
https://www.latimes.com/food,200
https://www.latimes.com/food/list/101-best-restaurants-los-angeles,200
https://www.latimes.com/food/recipes,200
https://www.latimes.com/lifestyle/image,200
https://www.latimes.com/lifestyle,200
https://www.latimes.com/topic/wellness,200
https://www.latimes.com/topic/home-design,200
https://www.latimes.com/topic/la-affairs,200
https://www.latimes.com/topic/plants,200
https://www.latimes.com/travel,200
https://www.latimes.com/lifestyle/weekend,200
https://www.latimes.com/obituaries,200
https://www.latimes.com/opinion,200
https://www.latimes.com/topic/editorials,200
https://www.latimes.com/opinion/letters-to-the-editor,200
https://www.latimes.com/topic/op-ed,200
https://www.latimes.com/shortdocs,200
https://www.latimes.com/sports,200
https://www.latimes.com/sports/angels,200
https://www.latimes.com/sports/soccer/angel-city-fc,200
https://www.latimes.com/sports/chargers,200
https://www.latimes.com/sports/clippers,200
https://www.latimes.com/sports/dodgers,200
https://www.latimes.com/sports/hockey/ducks,200
https://www.latimes.com/sports/soccer/galaxy,200
https://www.latimes.com/sports/highschool,200
https://www.latimes.com/sports/hockey/kings,200
https://www.latimes.com/sports/lakers,200
https://www.latimes.com/sports/olympics,200
https://www.latimes.com/sports/usc,200
https://www.latimes.com/sports/ucla,200
https://www.latimes.com/sports/rams,200
https://www.latimes.com/sports/sparks,200
https://www.latimes.com/topic/immigration,200
https://www.latimes.com/topic/israel-hamas,200
https://www.latimes.com/topic/mexico-americas,200
https://www.latimes.com/topic/ukraine,200
https://www.latimes.com/archives/topics,200
https://www.latimes.com/topic/la-times-today,200
https://www.latimes.com/california/photography,200
https://www.latimes.com/podcasts,200
https://www.latimes.com/video,200
https://www.latimes.com/topic/for-la-times-subscribers,200
https://www.latimes.com/about,200
https://www.latimes.com/archives,200
https://www.latimes.com/about/pressreleases,200
https://www.latimes.com/about/for-the-record/,200
https://www.latimes.com/tips/,200
https://www.latimes.com/newsroom-directory,200
https://www.latimes.com/about/public-affairs,200
https://www.latimes.com/about/how-to-obtain-rights-permissions,200
https://www.latimes.com/coupon-codes#nt=navf0,200
https://www.latimes.com/bestcovery/?utm_source=on_site&utm_medium=flyout&utm_campaign=bestcovery,200
https://www.latimes.com/compare-deals,200
https://www.latimes.com/b2b,200
https://www.latimes.com/eta,200
https://www.latimes.com/brandpublishing/hotproperty,200
https://www.latimes.com/games,200
https://www.latimes.com/events-los-angeles-times,200
https://www.latimes.com/flyoutsubscribe,200
https://www.latimes.com/about/marketing/los-angeles-times-for-students-and-educators,200
https://www.latimes.com/subscriber-terms-and-conditions,200
https://www.latimes.com/gift-subscription-terms,200
https://www.latimes.com/specialsupplements,200
https://www.latimes.com/specialsupplements/healthy-living-senior-resources,200
https://www.latimes.com/giving,200
https://www.latimes.com/terms-of-service,200
https://www.latimes.com/privacy-policy,200
https://www.latimes.com/privacy-policy#california-notice-of-collection,200
https://www.latimes.com/california/orange-county,200
https://www.latimes.com/california/latino-life,200
https://www.latimes.com/newsletters/latinx-files,200
https://www.latimes.com/kiosco-digital,200
https://www.latimes.com/people/gustavo-arellano,200
https://www.latimes.com/people/anita-chabria,200
https://www.latimes.com/people/steve-lopez,200
https://www.latimes.com/people/patt-morrison,200
https://www.latimes.com/people/george-skelton,200
https://www.latimes.com/newsletters/essential-california,200
https://www.latimes.com/newsletters/politics-newsletter,200
https://www.latimes.com/socal/daily-pilot/newsletters/timesoc-newsletter,200
https://www.latimes.com/la-home-breaking-news-story.html,200
https://www.latimes.com/topic/oscars,200
https://www.latimes.com/topic/emmys,200
https://www.latimes.com/topic/grammys,200
https://www.latimes.com/newsletters/the-envelope,200
https://www.latimes.com/podcasts/the-envelope-podcast,200
https://www.latimes.com/people/glenn-whipp,200
https://www.latimes.com/people/christopher-knight,200
https://www.latimes.com/people/robert-lloyd,200
https://www.latimes.com/people/mary-mcnamara,200
https://www.latimes.com/people/charles-mcnulty,200
https://www.latimes.com/people/mark-swed,200
https://www.latimes.com/people/mikael-wood,200
https://www.latimes.com/newsletters/entertainment,200
https://www.latimes.com/newsletters/essential-arts,200
https://www.latimes.com/newsletters/sign-up-for-wide-shot,200
https://www.latimes.com/newsletters/sign-up-for-screen-gab-a-newsletter-about-the-tv-and-movies-everyones-talking-about,200
https://www.latimes.com/newsletters/indie-focus,200
https://www.latimes.com/entertainment-arts/books/story/2023-04-13/sign-up-for-los-angeles-times-book-club,200
https://www.latimes.com/topic/for-real,200
https://www.latimes.com/video/story/2023-04-19/very-important-questions,200
https://www.latimes.com/topic/behold,200
https://www.latimes.com/sports/hockey,200
https://www.latimes.com/sports/soccer,200
https://www.latimes.com/people/bill-plaschke,200
https://www.latimes.com/people/dylan-hernandez,200
https://www.latimes.com/people/bill-shaikin,200
https://www.latimes.com/newsletters/sports-report,200
https://www.latimes.com/newsletters/dodgers-dugout,200
https://www.latimes.com/newsletters/lakers,200
https://www.latimes.com/newsletters/sign-up-for-our-prep-rally-newsletter,200
https://www.latimes.com/topic/video-sports,200
https://www.latimes.com/travel/story/2023-10-19/los-angeles-neighborhood-city-guides,200
https://www.latimes.com/travel/story/2024-05-16/west-coast-101-best-experiences-things-to-do,200
https://www.latimes.com/topic/outdoors,200
https://www.latimes.com/newsletters/the-wild,200
https://www.latimes.com/newsletters/la-times-plants,200
https://www.latimes.com/topic/sunday-funday,200
https://www.latimes.com/food/list/los-angeles-hall-of-fame-restaurants-modern-classics,200
https://www.latimes.com/food/list/best-los-angeles-cocktails-coffee-tea-wine-beer-drinks,200
https://www.latimes.com/food/food-maps,200
https://www.latimes.com/food/story/2023-02-23/why-los-angeles-is-the-best-coffee-city-in-the-world,200
https://www.latimes.com/people/bill-addison,200
https://www.latimes.com/people/jenn-harris,200
https://www.latimes.com/people/laurie-ochoa,200
https://www.latimes.com/newsletters/tasting-notes,200
https://www.latimes.com/newsletters/cooking,200
https://www.latimes.com/topic/video-food,200
https://www.latimes.com/topic/kamala-harris,200
https://www.latimes.com/politics/story/2024-07-04/2024-california-election-ballot-propositions-voter-guide,200
https://www.latimes.com/opinion/story/2024-09-10/los-angeles-times-elections-endorsements-2024-november,200
https://www.latimes.com/people/mark-z-barabak,200
https://www.latimes.com/people/doyle-mcmanus,200
https://www.latimes.com/newsletters/sign-up-for-l-a-on-the-record,200
https://www.latimes.com/projects/community-civic-engagement-government-participation/,200
https://www.latimes.com/topic/fires,200
https://www.latimes.com/topic/animals-pets/,200
https://www.latimes.com/environment/climate-projects,200
https://www.latimes.com/environment/story/2024-09-09/our-climate-change-challenge-youth-future,200
https://www.latimes.com/projects/repowering-the-west/,200
https://www.latimes.com/environment/story/colorado-river-in-crisis,200
https://www.latimes.com/people/sammy-roth,200
https://www.latimes.com/newsletters/boiling-point,200
https://www.latimes.com/california/story/2021-06-18/unshaken-the-complete-l-a-times-newsletter-guide-to-earthquake-readiness-and-resilience,200
https://www.latimes.com/environment/story/2023-09-26/times-launches-climate-california,200
https://www.latimes.com/topic/video-climate-environment,200
https://www.latimes.com/people/michael-hiltzik,200
https://www.latimes.com/newsletters/sign-up-for-totally-worth-it-and-be-your-moneys-boss,200
https://www.latimes.com/newsletters/sign-up-for-you-do-adu,200
https://www.latimes.com/business#personal-finance,200
https://www.latimes.com/opinion/letters-to-the-editor/hear-me-out,200
https://www.latimes.com/opinion/submit-letter-to-the-editor,200
https://www.latimes.com/people/robin-abcarian,200
https://www.latimes.com/people/jackie-calmes,200
https://www.latimes.com/people/lz-granderson,200
https://www.latimes.com/newsletters/opinion,200
https://www.latimes.com/people/the-times-editorial-board,200
https://www.latimes.com/oe-howtosubmitoped-story.html,200
https://www.latimes.com/coupon-codes,200
https://www.latimes.com/games/daily-crossword,200
https://www.latimes.com/games/mini-crossword,200
https://www.latimes.com/games/sudoku,200
https://www.latimes.com/games/impossible-sudoku,200
https://www.latimes.com/games/wordsearch,200
https://www.latimes.com/games#news-quiz,200
https://www.latimes.com/games/best-classic-solitaire,200
https://www.latimes.com/california/story/2024-09-24/apollo-quiboloy-the-indicted-filipino-evangelist-and-the-woman-who-helped-topple-him,200
https://www.latimes.com/california/story/2024-09-24/sean-combs-diddy-lawsuit-woman-abused-drugged-raped,200
https://www.latimes.com/environment/newsletter/2024-09-24/column-climate-protesters-arrested-outside-kamala-harris-brentwood-home-boiling-point,200
https://www.latimes.com/politics/newsletter/2024-09-24/2024-election-chabria-column-olivia-nuzzi-rfk-jr-scandal-politics,200
https://www.latimes.com/business/story/2024-09-24/amazon-demands-a-lot-from-its-drivers-now-its-a-two-way-street,200
https://www.latimes.com/california/story/2024-09-24/ev-d68-virus-paralysis-in-children-rising-in-california,200
https://www.latimes.com/politics/story/2024-09-24/house-hearing-project-2025-trump,200
https://www.latimes.com/entertainment-arts/business/story/2024-09-24/mark-hamill-jane-fonda-joseph-gordon-levitt-sign-letter-in-support-of-ai-safety-bill-sb-1047,200
https://www.latimes.com/california/story/2024-09-24/waiting-for-a-flight-at-lax-la-public-library-wants-to-connect-you-to-a-banned-book,200
https://www.latimes.com/politics/story/2024-09-24/el-salvador-bukele,200
https://www.latimes.com/world-nation/story/2024-09-24/deadly-attacks-on-japanese-in-china-inflame-tenuous-relations-between-the-two-nations,200
https://www.latimes.com/homeless-housing/story/2024-09-24/hud-awarded-a-10-million-tenant-organizing-grant-to-an-l-a-landlord-thats-stonewalling-tenant-organizing,200
https://www.latimes.com/california/story/2024-09-24/do-veterans-need-a-hotel-on-their-west-la-campus-not-all-agree,200
https://www.latimes.com/00000192-2159-d488-a39b-ef7d503d0000-123,200
https://www.latimes.com/app,200
https://www.latimes.com/topic/breaking-news,200
https://www.latimes.com/entertainment-arts/music/story/2024-09-24/fatman-scoop-cause-of-death-revealed-onstage-collapse,200
https://www.latimes.com/entertainment-arts/business/story/2024-09-24/video-game-actors-strike-sag-aftra-league-of-legends-formosa-interactive,200
https://www.latimes.com/california/story/2024-09-24/man-fatally-struck-by-long-beach-fire-truck-in-belmont-shore-police-investigation-launched,200
https://www.latimes.com/california/story/2024-09-24/usc-professor-hospitalized-student-attack-metal-water-bottle,200
https://www.latimes.com/sports/story/2024-09-23/shohei-ohtani-60-60-dodgers-mlb-wild-card-races-mike-trout,200
https://www.latimes.com/california/story/2024-09-22/palos-verdes-landslide-spreading-residents-frustrated-angry,200
https://www.latimes.com/california/story/2024-09-23/uci-professor-accused-of-sexual-harassment,200
https://www.latimes.com/entertainment-arts/music/story/2024-09-23/eagles-sphere-las-vegas-don-henley-review,200
https://www.latimes.com/california/story/2024-09-23/man-shot-during-attempted-robbery-at-south-coast-plaza-parking-lot,200
https://www.latimes.com/california/story/2024-09-23/new-covid-subvariant-xec-a-potential-threat-for-winter-as-doctors-urge-vaccinations,200
https://www.latimes.com/california/story/2024-09-23/newsom-signs-school-cell-phone-law,200
https://www.latimes.com/sports/story/2024-09-23/aj-preller-san-diego-padres-dodgers-postseason,200
https://www.latimes.com/sports/dodgers/story/2024-09-23/dodgers-padres-nl-west-race-intensity-rivalry,200
https://www.latimes.com/california/story/2024-09-23/free-covid-tests-how-to-get-yours,200
https://www.latimes.com/environment/story/2024-09-11/a-bear-crashed-a-wine-picnic-officials-had-a-choice-to-make,200
https://www.latimes.com/opinion/story/2024-09-23/usha-vance-jd-vance-immigration-politics,200
https://www.latimes.com/california/story/2024-09-23/federal-judge-dismisses-ex-sheriff-alex-villanueva-lawsuit-do-not-rehire,200
https://www.latimes.com/california/story/2024-09-21/boy-abducted-in-oakland-more-than-70-years-ago-found-living-on-east-coast,200
https://www.latimes.com/opinion/story/2024-09-24/cannabis-drug-overdose-joe-biden,200
https://www.latimes.com/opinion/story/2024-09-24/donald-trump-kamala-harris-joe-biden-election-2024-president-mandate-jonah-goldberg,200
https://www.latimes.com/opinion/story/2024-09-24/coffee-prices-vietnam-costa-rica-climate-change,200
https://www.latimes.com/opinion/story/2024-09-23/bridge-fire-wrightwood-wildfire-protection-home-hardening,200
https://www.latimes.com/travel/story/2024-09-24/amtrak-train-union-station-los-angeles-new-mexico-santa-fe-albuquerque,200
https://www.latimes.com/entertainment-arts/story/2024-09-24/refik-anadol-dataland-ai-art-museum-the-grand-dtla,200
https://www.latimes.com/food/list/food-staff-favorites-best-sandwiches-to-try-los-angeles,200
https://www.latimes.com/vpuxyzgu0zg-123,200
https://www.latimes.com/world-nation/story/2024-09-24/fbi-son-of-suspect-in-trump-assassination-attempt-arrested-on-child-sexual-abuse-images-charges,200
https://www.latimes.com/entertainment-arts/tv/story/2024-09-24/frontline-the-choice-2024-harris-trump,200
https://www.latimes.com/california/story/2024-09-24/swing-central-valley-district-will-cross-party-lines-for-best-candidate,200
https://www.latimes.com/business/story/2024-09-24/hiltzik-column-trump-concepts-of-a-plan-healthcare-deadly,200
https://www.latimes.com/travel/story/2024-09-23/universal-halloween-horror-nights-first-all-female-monster-maze,200
https://www.latimes.com/lifestyle/story/2024-09-20/la-affairs-marisol-perea-i-am-crying-a-lot-lately-is-los-angeles-to-blame,200
https://www.latimes.com/lifestyle/story/2024-09-20/la-times-news-quiz-september-20,200
https://www.latimes.com/delos/story/2024-09-19/the-musica-mexicana-revolution-shaping-socal,200
https://www.latimes.com/delos/story/2024-09-21/jorge-garcia-looks-back-20-years-of-lost-and-the-hurley-role-of-a-lifetime,200
https://www.latimes.com/delos/story/2024-09-20/noche-de-cumbia-hollywood-bowl-the-ford,200
https://www.latimes.com/environment/story/2024-09-22/california-plastic-bag-bill-signed-into-law,200
https://www.latimes.com/entertainment-arts/business/story/2024-09-18/californias-film-industry-is-in-crisis-can-it-be-saved,200
https://www.latimes.com/lifestyle/story/2024-09-17/laura-la-rue-converted-school-bus-is-home-in-ojai,200
https://www.latimes.com/food/list/best-al-pastor-pork-tacos-in-los-angeles-101-guide,200
https://www.latimes.com/delos/list/musica-mexicana-fashion-paisa-boys-ghetto-rodeo-cowboy-empire,200
https://www.latimes.com/delos/list/musica-mexicana-in-los-angeles-nightclub-concert-live-band-dance,200
https://www.latimes.com/lifestyle/list/things-to-do-weekend-trip-to-ventura,200
https://www.latimes.com/food/list/best-bakeries-mooncakes-mid-autumn-festival-los-angeles,200
https://www.latimes.com/food/list/best-latin-american-mexican-colombian-salvadoran-brazilian-restaurants-los-angeles,200
https://www.latimes.com/food/list/best-pop-up-chefs-restaurants-los-angeles,200
https://www.latimes.com/travel/list/redding-trails-best-things-to-do-guide,200
https://www.latimes.com/travel/list/venice-los-angeles-neighborhood-guide-best-things-to-do,200
https://www.latimes.com/sports/list/big-ten-football-stadium-guide,200
https://www.latimes.com/food/list/best-salvadoran-restaurants-los-angeles-guide,200
https://www.latimes.com/food/list/best-new-restaurants-and-bars-to-try-los-angeles-september-2024,200
https://www.latimes.com/world-nation/story/2024-09-23/trump-wants-the-right-to-fire-any-federal-bureaucrat-he-sees-as-disloyal-he-wants-to-turn-the-government-into-an-army-of-suck-ups,200
https://www.latimes.com/sports/usc/story/2024-09-22/usc-lincoln-riley-falters-pressure-michigan,200
https://www.latimes.com/politics/story/2024-09-22/2024-election-barabak-column-kamala-harris-liberal-positions-2020-campaign,200
https://www.latimes.com/environment/story/2024-09-24/bird-flu-outbreaks-increasing-among-california-dairy-herds,200
https://www.latimes.com/california/story/2024-09-23/puppy-mill-pipeline-serious-alarms,200
https://www.latimes.com/business/story/2024-09-23/southern-california-news-group-strike-authorization-vote-results,200
https://www.latimes.com/sports/story/2024-09-24/brett-favre-parkinsons-congress-testimony-tanf-mississippi,200
https://www.latimes.com/sports/usc/story/2024-09-24/reggie-bush-lawsuit-usc-pac-12-ncaa-nil,200
https://www.latimes.com/entertainment-arts/books/story/2024-09-24/disney-channel-rise-fall-hilary-duff-miley-cyrus-demi-lovato-disney-high-book,200
https://www.latimes.com/sports/story/2024-09-23/caitlin-clark-black-eye-wnba-playoffs-dijonai-carrington-fever-sun,200
https://www.latimes.com/business/story/2024-09-24/justice-department-sues-visa-alleging-it-has-a-monopoly-in-debit-card-markets,200
https://www.latimes.com/california/story/2024-09-24/tens-of-thousands-of-l-a-county-workers-could-go-on-strike-union-announces,200
https://www.latimes.com/world-nation/story/2024-09-24/guatemala-to-send-150-military-police-officers-to-help-fight-gangs-in-haiti,200
https://www.latimes.com/california/story/2024-09-24/single-family-landlord-invitation-homes-charged-junk-fees-employed-unfair-eviction-practices-ftc-alleges,200
https://www.latimes.com/environment/story/2024-09-23/california-ag-files-suit-against-companies,200
https://www.latimes.com/food/story/2024-09-24/guide-best-sandwiches-los-angeles,200
https://www.latimes.com/food/story/2024-09-23/pastrami-face-off-whats-the-best-order-at-langers,200
https://www.latimes.com/food/list/best-italian-restaurants-to-try-101-guide-los-angeles,200
https://www.latimes.com/environment/story/2024-09-23/newsom-seeks-to-enlist-californians-in-climate-action,200
https://www.latimes.com/environment/story/2024-09-22/wildfires-can-release-more-energy-than-an-atomic-bomb,200
https://www.latimes.com/environment/story/2024-09-21/california-puts-another-farm-area-on-groundwater-probation,200
https://www.latimes.com/environment/story/2024-09-20/seventeen-california-dairy-herds-infected-with-h5n1-bird-flu,200
https://www.latimes.com/environment/story/2024-09-20/california-emissions-drop-2-4-due-to-electric-vehicles-cleaner-fuels,200
https://www.latimes.com/environment/story/2024-09-15/some-l-a-teachers-tired-of-waiting-are-creating-their-own-climate-curriculum,200
https://www.latimes.com/environment/story/2024-09-15/an-oasis-where-kids-learn-to-be-climate-literate-amid-trees-flower-beds-and-herbs,200
https://www.latimes.com/environment/story/2024-09-15/welcome-to-the-farm-where-cows-pigs-and-sheep-are-part-of-the-climate-curriculum,200
https://www.latimes.com/environment/story/2024-09-15/lessons-in-fifth-grade-chemistry-the-earth-has-a-fever-from-burning-fossil-fuels,200
https://www.latimes.com/environment/story/2024-09-15/social-justice-and-equity-are-built-into-everything-we-teach,200
https://www.latimes.com/environment/story/2024-09-15/climate-inspired-games-help-educate-kids,200
https://www.latimes.com/environment/story/2024-09-15/ed-humes-are-we-drowning-in-total-garbage,200
https://www.latimes.com/environment/story/2024-09-13/a-key-ally-in-the-battle-against-climate-change-people-over-60,200
https://www.latimes.com/environment/story/2024-09-13/gen-z-will-they-finally-solve-the-plastic-crisis,200
https://www.latimes.com/environment/story/2024-09-12/can-anything-slow-fast-fashion-down-lawmakers-are-giving-it-a-go,200
https://www.latimes.com/environment/story/2024-09-12/paradox-retail-great-prices-bad-for-planet-fast-fashion,200
https://www.latimes.com/environment/story/2024-09-12/the-fast-fashion-mountain-of-shame-is-real,200
https://www.latimes.com/environment/story/2024-09-12/young-climate-activists-find-powerful-voice-in-social-media,200
https://www.latimes.com/environment/story/2024-09-12/climate-scientists-tiktok-instagram,200
https://www.latimes.com/environment/story/2024-09-11/climate-anxiety-essay,200
https://www.latimes.com/environment/story/2024-09-11/climate-anxiety-and-the-kid-question,200
https://www.latimes.com/environment/story/2024-09-11/climate-change-book-recommendations,200
https://www.latimes.com/environment/story/2024-09-11/comic-climate-anxiety,200
https://www.latimes.com/environment/story/2024-09-10/la-enviro-sunrise-movement-aru-shiney-ajay,200
https://www.latimes.com/environment/story/2024-09-10/protest-is-everywhere-but-climate-activists-have-the-monopoly-on-art-for-now,200
https://www.latimes.com/environment/story/2024-09-09/hotter-drier-different-how-climate-change-will-alter-l-a,200
https://www.latimes.com/environment/story/2024-09-09/how-to-navigate-the-green-economy-here-are-four-success-stories,200
https://www.latimes.com/environment/story/2024-09-09/for-these-california-kids-the-fight-against-climate-change-is-personal,200
https://www.latimes.com/environment/story/2024-09-09/children-are-glued-to-screens-and-stuck-inside-can-forest-schools-offer-an-antidote,200
https://www.latimes.com/entertainment-arts/music/story/2024-09-24/dave-mason-cancels-tour-serious-heart-condition,200
https://www.latimes.com/entertainment-arts/music/story/2024-09-24/young-dolph-death-memphis-confession-testimony,200
https://www.latimes.com/entertainment-arts/tv/story/2024-09-24/michael-strahan-grandchild-tanita-onyx,200
https://www.latimes.com/entertainment-arts/business/story/2024-09-24/paramount-starts-phase-two-of-its-planned-layoffs,200
https://www.latimes.com/entertainment-arts/business/newsletter/2024-09-24/wide-shot-rebel-ridge-jeremy-saulnier-punk-rock-the-wide-shot,200
https://www.latimes.com/sports/dodgers/story/2024-09-24/shohei-ohtani-stolen-bases-50-50-season,200
https://www.latimes.com/sports/rams/story/2024-09-23/rams-save-season-awestruck-win-49ers-sean-mcvay,200
https://www.latimes.com/sports/story/2024-09-24/congresswoman-barbara-lee-oakland-athletics-las-vegas,200
https://www.latimes.com/sports/ucla/story/2024-09-24/ucla-football-big-ten-start-time-oregon,200
https://www.latimes.com/sports/chargers/story/2024-09-23/chargers-safety-derwin-james-suspended-one-game,200
https://www.latimes.com/00000192-24f3-d629-a99e-f6fbbd000000-123,200
https://www.latimes.com/espanol/deportes/articulo/2024-09-24/flick-se-siente-optimista-con-pena-como-arquero-titular-del-barca-tras-lesion-de-ter-stegen,200
https://www.latimes.com/espanol/deportes/articulo/2024-09-24/jonron-de-campo-de-chapman-impulsa-a-gigantes-a-una-victoria-6-3-sobre-diamondbacks,200
https://www.latimes.com/espanol/deportes/articulo/2024-09-24/san-luis-sera-la-sede-de-eeuu-como-local-en-cuartos-de-final-de-la-liga-de-naciones,200
https://www.latimes.com/california/story/2024-09-10/photos-fires-ravaging-california-after-heat-wave,200
https://www.latimes.com/sports/story/2024-09-06/photos-john-john-florence-and-xxxx-crowned-as-surfings-world-champions-in-lexus-wsl-finals,200
https://www.latimes.com/sports/story/2024-09-02/usc-thrilling-win-over-lsu-in-las-vegas,200
https://www.latimes.com/sports/olympics/story/2024-07-28/behind-the-lens-a-photojournalists-take-on-the-2024-paris-olympics,200
https://www.latimes.com/politics/story/2024-08-20/photos-dnc-underway-in-chicago-with-an-energized-harris-walz-ticket,200
https://www.latimes.com/00000192-070c-d4a4-af96-57fe78860000-123,200
https://www.latimes.com/world-nation/story/2024-09-23/israel-intensifies-barrage-of-lebanon,200
https://www.latimes.com/world-nation/story/2024-09-24/biden-in-farewell-u-n-address-says-peace-still-possible-in-mideast-and-ukraine,200
https://www.latimes.com/sports/newsletter/2024-09-24/padres-dodgers-dugout,200
https://www.latimes.com/california/newsletter/2024-09-24/the-rancho-palos-verdes-landslide-keeps-accelerating-can-the-city-slow-it-down-essential-california,200
https://www.latimes.com/lifestyle/image/story/2024-09-23/la-times-image-magazine-soho-house-party,200
https://www.latimes.com/lifestyle/image/story/2024-09-16/eric-solis-photographs-planeta-wavey-in-mexico-city,200
https://www.latimes.com/lifestyle/image/story/2024-09-16/guillermo-cuevas-of-dunrite-leatherworks-makes-studded-belt,200
https://www.latimes.com/lifestyle/image/story/2024-09-16/coveted-fall-fashion,200
https://www.latimes.com/delos?utm_source=marketing_content&utm_medium=homepagebarker&utm_campaign=delos23&utm_content=nov23_hpbarker,200
https://www.latimes.com/games/daily-crossword?utm_source=LATIMES&utm_medium=homepagebarker&utm_campaign=games,200
https://www.latimes.com/bestcovery/?utm_source=on_site&utm_medium=homepagebarker&utm_campaign=bestcovery,200
https://www.latimes.com/compare-deals?utm_source=on_site&utm_medium=homepagebarker&utm_campaign=compare_deals,200
https://www.latimes.com/coupon-codes?utm_source=on_site&utm_medium=homepagebarker&utm_campaign=coupon_codes,200
https://www.latimes.com/world-nation/story/2024-09-24/us-navy-replenishment-ship-operating-in-mideast-was-damaged-in-an-incident-officials-say,200
https://www.latimes.com/california/story/2024-09-24/family-find-body-missing-indigenous-woman-san-bernardino-desert,200
https://www.latimes.com/california/story/2024-09-23/man-sentenced-sent-son-rob-kill-rapper-pnb-rock,200
https://www.latimes.com/world-nation/story/2024-09-24/maryland-sues-the-owner-and-manager-of-the-ship-that-caused-the-key-bridge-collapse,200
https://www.latimes.com/world-nation/story/2024-09-24/ukraine-says-its-soldiers-recaptured-a-russian-stronghold-after-hand-to-hand-fighting,200
https://www.latimes.com/world-nation/story/2024-09-24/head-of-united-nations-calls-global-situation-unsustainable-as-annual-meeting-of-leaders-opens,200
https://www.latimes.com/world-nation/story/2024-09-24/tropical-storm-helene-forms-in-caribbean-and-is-expected-to-become-a-hurricane-and-move-toward-us,200
https://www.latimes.com/business/story/2024-09-24/boeing-makes-a-final-offer-to-striking-workers-but-union-says-its-not-good-enough,200
https://www.latimes.com/business/story/2024-09-23/stock-market-today-wall-street-drifts-higher-to-set-more-records,200
https://www.latimes.com/business/story/2024-09-23/pharmacy-unionizing-efforts-build-momentum-as-cvs-workers-in-redlands-file-for-election,200
https://www.latimes.com/business/story/2024-09-23/alcohol-free-beer-is-gaining-popularity-even-at-oktoberfest,200
https://www.latimes.com/sports/story/2024-09-22/mercury-morris-miami-dolphins-dies-obit,200
https://www.latimes.com/entertainment-arts/story/2024-09-21/kathryn-crosby-actor-and-widow-of-famed-singer-and-oscar-winning-actor-bing-crosby-dies-at-90,200
https://www.latimes.com/entertainment-arts/music/story/2024-09-17/jd-souther-songwriter-eagles-linda-ronstadt-dead,200
https://www.latimes.com/entertainment-arts/story/2024-09-16/michaela-deprince-dead-ballerina-beyonce-madonna,200
https://www.latimes.com/entertainment-arts/story/2024-09-23/san-diego-symphony-jacobs-music-center-opening,200
https://www.latimes.com/travel/story/2024-09-20/adult-recess-groups-leagues-dodgeball-double-dutch-kickball-pickleball,200
https://www.latimes.com/lifestyle/story/2024-09-20/sunday-funday-tony-hawk-things-to-do-los-angeles,200
https://www.latimes.com/lifestyle/story/2024-09-19/circus-vargas-this-daredevil-has-a-dangerous-act-the-globe-of-death-his-priest-is-on-standby,200
https://www.latimes.com/topic/times-investigations,200
https://www.latimes.com/california/story/2024-09-18/california-legal-weed-industry-in-tumult-after-times-pesticide-investigation,200
https://www.latimes.com/california/story/2024-09-15/with-more-gambling-case-likely-ohtani-debacle-is-a-lesson-to-mlb,200
https://www.latimes.com/california/story/2024-09-12/how-we-reported-the-story,200
https://www.latimes.com/california/story/2024-09-12/did-your-dog-come-from-out-of-state,200
https://www.latimes.com/lifestyle/story/2024-09-13/la-affairs-julia-morrow-we-felt-new-and-thrilling-together-why-did-he-keep-ghosting-me,200
https://www.latimes.com/lifestyle/story/2024-09-06/la-affairs-bernie-lautrette-he-said-i-was-smarter-and-funnier-than-his-ex,200
https://www.latimes.com/lifestyle/story/2024-08-30/la-affairs-lynn-brown-rosenberg-i-went-to-the-er-i-might-have-left-with-a-boyfriend,200
https://www.latimes.com/lifestyle/story/2024-08-23/la-affairs-nicole-lise-feingold-i-noticed-red-flags-but-i-wanted-to-go-salsa-dancing,200
https://www.latimes.com/bestcovery,200
https://www.latimes.com/bestcovery/about-us,200
https://www.latimes.com/bestcovery/beast-blender-review,200
https://www.latimes.com/bestcovery/blendtec-go-personal-blender-review,200
https://www.latimes.com/bestcovery/vitamix-propel-510-blender-review,200
https://www.latimes.com/bestcovery/blendtec-total-blender-classic-review,200
https://www.latimes.com/bestcovery/cariloha-bamboo-sheets-review,200
https://www.latimes.com/bestcovery/standing-desk-comparison-and-review,200
https://www.latimes.com/bestcovery/humidifier-comparison-which-one-is-best-for-your-budget,200
https://www.latimes.com/footersubscribe,200
https://www.latimes.com/sitemap,200
https://www.latimes.com/bestcovery/?utm_source=on_site&utm_medium=footer&utm_campaign=bestcovery,200
