URL,Size,OutLinks,ContentType
https://www.latimes.com/,1464833,431,text/html
https://www.latimes.com/california,766590,256,text/html
https://www.latimes.com/topic/election-2024,422068,168,text/html
https://www.latimes.com/homeless-housing,450956,179,text/html
https://www.latimes.com/politics,500168,199,text/html
https://www.latimes.com/science,494253,180,text/html
https://www.latimes.com/world-nation,460507,184,text/html
https://www.latimes.com/business,686537,226,text/html
https://www.latimes.com/topic/artificial-intelligence,433320,175,text/html
https://www.latimes.com/business/autos,420942,168,text/html
https://www.latimes.com/topic/jobs-labor,417288,172,text/html
https://www.latimes.com/business/real-estate,466090,180,text/html
https://www.latimes.com/business/technology,421270,168,text/html
https://www.latimes.com/topic/california-law-politics,477194,174,text/html
https://www.latimes.com/topic/earthquakes,414185,176,text/html
https://www.latimes.com/topic/education,421562,172,text/html
https://www.latimes.com/la-influential,394327,152,text/html
https://www.latimes.com/topic/la-politics,434311,175,text/html
https://www.latimes.com/topic/mental-health,413823,172,text/html
https://www.latimes.com/environment,761896,232,text/html
https://www.latimes.com/topic/global-warming,415837,172,text/html
https://www.latimes.com/topic/california-drought,416470,172,text/html
https://www.latimes.com/entertainment-arts,651264,240,text/html
https://www.latimes.com/topic/arts,432238,179,text/html
https://www.latimes.com/entertainment-arts/books,507755,178,text/html
https://www.latimes.com/topic/comedy,407998,165,text/html
https://www.latimes.com/entertainment-arts/business,423342,172,text/html
https://www.latimes.com/entertainment-arts/awards,484329,180,text/html
https://www.latimes.com/entertainment-arts/movies,420540,172,text/html
https://www.latimes.com/entertainment-arts/music,420631,172,text/html
https://www.latimes.com/entertainment-arts/tv,430148,172,text/html
https://www.latimes.com/topic/things-to-do,414724,172,text/html
https://www.latimes.com/delos,482009,174,text/html
https://www.latimes.com/espanol/,502144,111,text/html
https://www.latimes.com/food,810362,243,text/html
https://www.latimes.com/food/list/101-best-restaurants-los-angeles,1584880,529,text/html
https://www.latimes.com/food/recipes,413764,159,text/html
https://www.latimes.com/lifestyle/image,631234,204,text/html
https://www.latimes.com/lifestyle,585721,211,text/html
https://www.latimes.com/topic/wellness,433206,175,text/html
https://www.latimes.com/topic/home-design,404423,162,text/html
https://www.latimes.com/topic/la-affairs,398150,162,text/html
https://www.latimes.com/topic/plants,486888,175,text/html
https://www.latimes.com/travel,537557,197,text/html
https://www.latimes.com/lifestyle/weekend,669676,214,text/html
https://www.latimes.com/obituaries,468983,186,text/html
https://www.latimes.com/opinion,567957,206,text/html
https://www.latimes.com/topic/editorials,401491,162,text/html
https://www.latimes.com/opinion/letters-to-the-editor,573195,211,text/html
https://www.latimes.com/topic/op-ed,415706,174,text/html
https://www.latimes.com/shortdocs,445925,171,text/html
https://www.latimes.com/sports,590432,217,text/html
https://www.latimes.com/sports/angels,423043,169,text/html
https://www.latimes.com/sports/soccer/angel-city-fc,423640,170,text/html
https://www.latimes.com/sports/chargers,423555,170,text/html
https://www.latimes.com/sports/clippers,425531,170,text/html
https://www.latimes.com/sports/dodgers,423333,167,text/html
https://www.latimes.com/sports/hockey/ducks,421934,170,text/html
https://www.latimes.com/sports/soccer/galaxy,423867,170,text/html
https://www.latimes.com/sports/highschool,437384,185,text/html
https://www.latimes.com/sports/hockey/kings,425570,170,text/html
https://www.latimes.com/sports/lakers,393646,164,text/html
https://www.latimes.com/sports/olympics,425774,170,text/html
https://www.latimes.com/sports/usc,423870,170,text/html
https://www.latimes.com/sports/ucla,423736,169,text/html
https://www.latimes.com/sports/rams,422559,170,text/html
https://www.latimes.com/sports/sparks,423430,170,text/html
https://www.latimes.com/topic/immigration,432412,175,text/html
https://www.latimes.com/topic/israel-hamas,415682,172,text/html
https://www.latimes.com/topic/mexico-americas,416334,172,text/html
https://www.latimes.com/topic/ukraine,415035,172,text/html
https://www.latimes.com/archives/topics,324546,200,text/html
https://www.latimes.com/topic/la-times-today,387121,159,text/html
https://www.latimes.com/california/photography,738307,223,text/html
https://www.latimes.com/podcasts,402358,162,text/html
https://www.latimes.com/video,828088,255,text/html
https://www.latimes.com/topic/for-la-times-subscribers,419237,162,text/html
https://www.latimes.com/about,321897,156,text/html
https://www.latimes.com/archives,330411,152,text/html
https://www.latimes.com/about/pressreleases,432390,168,text/html
https://www.latimes.com/about/for-the-record/,329412,163,text/html
https://www.latimes.com/tips/,9557,19,text/html
https://www.latimes.com/newsroom-directory,379457,520,text/html
https://www.latimes.com/about/public-affairs,339564,149,text/html
https://www.latimes.com/about/how-to-obtain-rights-permissions,324984,155,text/html
https://www.latimes.com/coupon-codes#nt=navf0,184999,103,text/html
https://www.latimes.com/bestcovery/?utm_source=on_site&utm_medium=flyout&utm_campaign=bestcovery,85291,41,text/html
https://www.latimes.com/compare-deals,178541,252,text/html
https://www.latimes.com/b2b,500644,204,text/html
https://www.latimes.com/eta,528915,193,text/html
https://www.latimes.com/brandpublishing/hotproperty,468440,174,text/html
https://www.latimes.com/games,434057,163,text/html
https://www.latimes.com/events-los-angeles-times,362795,155,text/html
https://www.latimes.com/flyoutsubscribe,41475,8,text/html
https://www.latimes.com/about/marketing/los-angeles-times-for-students-and-educators,269567,146,text/html
https://www.latimes.com/subscriber-terms-and-conditions,332602,156,text/html
https://www.latimes.com/gift-subscription-terms,328496,155,text/html
https://www.latimes.com/specialsupplements,496704,187,text/html
https://www.latimes.com/specialsupplements/healthy-living-senior-resources,609441,204,text/html
https://www.latimes.com/giving,562720,198,text/html
https://www.latimes.com/terms-of-service,357127,153,text/html
https://www.latimes.com/privacy-policy,375529,159,text/html
https://www.latimes.com/privacy-policy#california-notice-of-collection,375529,159,text/html
https://www.latimes.com/california/orange-county,422571,189,text/html
https://www.latimes.com/california/latino-life,672699,207,text/html
https://www.latimes.com/newsletters/latinx-files,309949,159,text/html
https://www.latimes.com/kiosco-digital,190880,47,text/html
https://www.latimes.com/people/gustavo-arellano,308841,157,text/html
https://www.latimes.com/people/anita-chabria,309681,155,text/html
https://www.latimes.com/people/steve-lopez,313852,156,text/html
https://www.latimes.com/people/patt-morrison,308105,156,text/html
https://www.latimes.com/people/george-skelton,307812,155,text/html
https://www.latimes.com/newsletters/essential-california,309671,153,text/html
https://www.latimes.com/newsletters/politics-newsletter,282918,148,text/html
https://www.latimes.com/socal/daily-pilot/newsletters/timesoc-newsletter,174091,35,text/html
https://www.latimes.com/la-home-breaking-news-story.html,300400,165,text/html
https://www.latimes.com/topic/oscars,417288,176,text/html
https://www.latimes.com/topic/emmys,443262,168,text/html
https://www.latimes.com/topic/grammys,419307,173,text/html
https://www.latimes.com/newsletters/the-envelope,313945,161,text/html
https://www.latimes.com/podcasts/the-envelope-podcast,577911,208,text/html
https://www.latimes.com/people/glenn-whipp,306454,157,text/html
https://www.latimes.com/people/christopher-knight,307819,158,text/html
https://www.latimes.com/people/robert-lloyd,305426,157,text/html
https://www.latimes.com/people/mary-mcnamara,306210,157,text/html
https://www.latimes.com/people/charles-mcnulty,307186,157,text/html
https://www.latimes.com/people/mark-swed,307344,157,text/html
https://www.latimes.com/people/mikael-wood,305579,157,text/html
https://www.latimes.com/newsletters/entertainment,251401,143,text/html
https://www.latimes.com/newsletters/essential-arts,310430,153,text/html
https://www.latimes.com/newsletters/sign-up-for-wide-shot,312224,157,text/html
https://www.latimes.com/newsletters/sign-up-for-screen-gab-a-newsletter-about-the-tv-and-movies-everyones-talking-about,312697,153,text/html
https://www.latimes.com/newsletters/indie-focus,310566,155,text/html
https://www.latimes.com/entertainment-arts/books/story/2023-04-13/sign-up-for-los-angeles-times-book-club,723706,346,text/html
https://www.latimes.com/topic/for-real,364874,153,text/html
https://www.latimes.com/video/story/2023-04-19/very-important-questions,532573,207,text/html
https://www.latimes.com/topic/behold,426133,163,text/html
https://www.latimes.com/sports/hockey,422514,170,text/html
https://www.latimes.com/sports/soccer,423860,170,text/html
https://www.latimes.com/people/bill-plaschke,304613,155,text/html
https://www.latimes.com/people/dylan-hernandez,303768,156,text/html
https://www.latimes.com/people/bill-shaikin,306671,156,text/html
https://www.latimes.com/newsletters/sports-report,309582,153,text/html
https://www.latimes.com/newsletters/dodgers-dugout,312549,153,text/html
https://www.latimes.com/newsletters/lakers,297150,153,text/html
https://www.latimes.com/newsletters/sign-up-for-our-prep-rally-newsletter,308413,153,text/html
https://www.latimes.com/topic/video-sports,370480,155,text/html
https://www.latimes.com/travel/story/2023-10-19/los-angeles-neighborhood-city-guides,456656,190,text/html
https://www.latimes.com/travel/story/2024-05-16/west-coast-101-best-experiences-things-to-do,375640,166,text/html
https://www.latimes.com/topic/outdoors,413611,172,text/html
https://www.latimes.com/newsletters/the-wild,313559,153,text/html
https://www.latimes.com/newsletters/la-times-plants,323912,154,text/html
https://www.latimes.com/topic/sunday-funday,367083,153,text/html
https://www.latimes.com/food/list/los-angeles-hall-of-fame-restaurants-modern-classics,782922,268,text/html
https://www.latimes.com/food/list/best-los-angeles-cocktails-coffee-tea-wine-beer-drinks,543403,199,text/html
https://www.latimes.com/food/food-maps,456981,174,text/html
https://www.latimes.com/food/story/2023-02-23/why-los-angeles-is-the-best-coffee-city-in-the-world,440873,183,text/html
https://www.latimes.com/people/bill-addison,306458,157,text/html
https://www.latimes.com/people/jenn-harris,304334,158,text/html
https://www.latimes.com/people/laurie-ochoa,305919,157,text/html
https://www.latimes.com/newsletters/tasting-notes,310368,153,text/html
https://www.latimes.com/newsletters/cooking,311063,153,text/html
https://www.latimes.com/topic/video-food,369739,155,text/html
https://www.latimes.com/topic/kamala-harris,527221,199,text/html
https://www.latimes.com/politics/story/2024-07-04/2024-california-election-ballot-propositions-voter-guide,435498,194,text/html
https://www.latimes.com/opinion/story/2024-09-10/los-angeles-times-elections-endorsements-2024-november,380928,177,text/html
https://www.latimes.com/people/mark-z-barabak,308112,155,text/html
https://www.latimes.com/people/doyle-mcmanus,308036,155,text/html
https://www.latimes.com/newsletters/sign-up-for-l-a-on-the-record,314857,153,text/html
https://www.latimes.com/projects/community-civic-engagement-government-participation/,59805,12,text/html
https://www.latimes.com/topic/fires,420857,173,text/html
https://www.latimes.com/topic/animals-pets/,433296,175,text/html
https://www.latimes.com/environment/climate-projects,377837,163,text/html
https://www.latimes.com/environment/story/2024-09-09/our-climate-change-challenge-youth-future,530536,232,text/html
https://www.latimes.com/projects/repowering-the-west/,108365,60,text/html
https://www.latimes.com/environment/story/colorado-river-in-crisis,472754,181,text/html
https://www.latimes.com/people/sammy-roth,307533,156,text/html
https://www.latimes.com/newsletters/boiling-point,315316,155,text/html
https://www.latimes.com/california/story/2021-06-18/unshaken-the-complete-l-a-times-newsletter-guide-to-earthquake-readiness-and-resilience,385004,176,text/html
https://www.latimes.com/environment/story/2023-09-26/times-launches-climate-california,331635,168,text/html
https://www.latimes.com/topic/video-climate-environment,372273,155,text/html
https://www.latimes.com/people/michael-hiltzik,310023,158,text/html
https://www.latimes.com/newsletters/sign-up-for-totally-worth-it-and-be-your-moneys-boss,306472,152,text/html
https://www.latimes.com/newsletters/sign-up-for-you-do-adu,297444,154,text/html
https://www.latimes.com/business#personal-finance,686537,226,text/html
https://www.latimes.com/opinion/letters-to-the-editor/hear-me-out,526900,177,text/html
https://www.latimes.com/opinion/submit-letter-to-the-editor,340961,173,text/html
https://www.latimes.com/people/robin-abcarian,307505,156,text/html
https://www.latimes.com/people/jackie-calmes,308325,156,text/html
https://www.latimes.com/people/lz-granderson,308614,156,text/html
https://www.latimes.com/newsletters/opinion,309748,153,text/html
https://www.latimes.com/people/the-times-editorial-board,307456,156,text/html
https://www.latimes.com/oe-howtosubmitoped-story.html,340408,174,text/html
https://www.latimes.com/coupon-codes,184999,103,text/html
https://www.latimes.com/games/daily-crossword,413852,161,text/html
https://www.latimes.com/games/mini-crossword,417619,160,text/html
https://www.latimes.com/games/sudoku,420407,160,text/html
https://www.latimes.com/games/impossible-sudoku,412259,158,text/html
https://www.latimes.com/games/wordsearch,411715,158,text/html
https://www.latimes.com/games#news-quiz,434057,163,text/html
https://www.latimes.com/games/best-classic-solitaire,388175,155,text/html
https://www.latimes.com/california/story/2024-09-24/apollo-quiboloy-the-indicted-filipino-evangelist-and-the-woman-who-helped-topple-him,442658,174,text/html
https://www.latimes.com/california/story/2024-09-24/sean-combs-diddy-lawsuit-woman-abused-drugged-raped,370652,175,text/html
https://www.latimes.com/environment/newsletter/2024-09-24/column-climate-protesters-arrested-outside-kamala-harris-brentwood-home-boiling-point,354419,180,text/html
https://www.latimes.com/politics/newsletter/2024-09-24/2024-election-chabria-column-olivia-nuzzi-rfk-jr-scandal-politics,345316,188,text/html
https://www.latimes.com/business/story/2024-09-24/amazon-demands-a-lot-from-its-drivers-now-its-a-two-way-street,401575,178,text/html
https://www.latimes.com/california/story/2024-09-24/ev-d68-virus-paralysis-in-children-rising-in-california,365795,184,text/html
https://www.latimes.com/politics/story/2024-09-24/house-hearing-project-2025-trump,377749,188,text/html
https://www.latimes.com/entertainment-arts/business/story/2024-09-24/mark-hamill-jane-fonda-joseph-gordon-levitt-sign-letter-in-support-of-ai-safety-bill-sb-1047,383121,192,text/html
https://www.latimes.com/california/story/2024-09-24/waiting-for-a-flight-at-lax-la-public-library-wants-to-connect-you-to-a-banned-book,375240,180,text/html
https://www.latimes.com/politics/story/2024-09-24/el-salvador-bukele,400262,174,text/html
https://www.latimes.com/world-nation/story/2024-09-24/deadly-attacks-on-japanese-in-china-inflame-tenuous-relations-between-the-two-nations,365569,179,text/html
https://www.latimes.com/homeless-housing/story/2024-09-24/hud-awarded-a-10-million-tenant-organizing-grant-to-an-l-a-landlord-thats-stonewalling-tenant-organizing,382665,186,text/html
https://www.latimes.com/california/story/2024-09-24/do-veterans-need-a-hotel-on-their-west-la-campus-not-all-agree,408616,187,text/html
https://www.latimes.com/00000192-2159-d488-a39b-ef7d503d0000-123,276147,158,text/html
https://www.latimes.com/app,322687,147,text/html
https://www.latimes.com/topic/breaking-news,410952,172,text/html
https://www.latimes.com/entertainment-arts/music/story/2024-09-24/fatman-scoop-cause-of-death-revealed-onstage-collapse,382263,184,text/html
https://www.latimes.com/entertainment-arts/business/story/2024-09-24/video-game-actors-strike-sag-aftra-league-of-legends-formosa-interactive,369653,179,text/html
https://www.latimes.com/california/story/2024-09-24/man-fatally-struck-by-long-beach-fire-truck-in-belmont-shore-police-investigation-launched,351996,176,text/html
https://www.latimes.com/california/story/2024-09-24/usc-professor-hospitalized-student-attack-metal-water-bottle,349628,175,text/html
https://www.latimes.com/sports/story/2024-09-23/shohei-ohtani-60-60-dodgers-mlb-wild-card-races-mike-trout,419298,204,text/html
https://www.latimes.com/california/story/2024-09-22/palos-verdes-landslide-spreading-residents-frustrated-angry,402260,185,text/html
https://www.latimes.com/california/story/2024-09-23/uci-professor-accused-of-sexual-harassment,395605,185,text/html
https://www.latimes.com/entertainment-arts/music/story/2024-09-23/eagles-sphere-las-vegas-don-henley-review,409201,186,text/html
https://www.latimes.com/california/story/2024-09-23/man-shot-during-attempted-robbery-at-south-coast-plaza-parking-lot,358636,180,text/html
https://www.latimes.com/california/story/2024-09-23/new-covid-subvariant-xec-a-potential-threat-for-winter-as-doctors-urge-vaccinations,423654,203,text/html
https://www.latimes.com/california/story/2024-09-23/newsom-signs-school-cell-phone-law,391399,185,text/html
https://www.latimes.com/sports/story/2024-09-23/aj-preller-san-diego-padres-dodgers-postseason,382755,188,text/html
https://www.latimes.com/sports/dodgers/story/2024-09-23/dodgers-padres-nl-west-race-intensity-rivalry,384535,183,text/html
https://www.latimes.com/california/story/2024-09-23/free-covid-tests-how-to-get-yours,364602,186,text/html
https://www.latimes.com/environment/story/2024-09-11/a-bear-crashed-a-wine-picnic-officials-had-a-choice-to-make,428866,181,text/html
https://www.latimes.com/opinion/story/2024-09-23/usha-vance-jd-vance-immigration-politics,385190,188,text/html
https://www.latimes.com/california/story/2024-09-23/federal-judge-dismisses-ex-sheriff-alex-villanueva-lawsuit-do-not-rehire,370317,181,text/html
https://www.latimes.com/california/story/2024-09-21/boy-abducted-in-oakland-more-than-70-years-ago-found-living-on-east-coast,360161,176,text/html
https://www.latimes.com/opinion/story/2024-09-24/cannabis-drug-overdose-joe-biden,379810,200,text/html
https://www.latimes.com/opinion/story/2024-09-24/donald-trump-kamala-harris-joe-biden-election-2024-president-mandate-jonah-goldberg,380760,188,text/html
https://www.latimes.com/opinion/story/2024-09-24/coffee-prices-vietnam-costa-rica-climate-change,388442,191,text/html
https://www.latimes.com/opinion/story/2024-09-23/bridge-fire-wrightwood-wildfire-protection-home-hardening,370114,186,text/html
https://www.latimes.com/travel/story/2024-09-24/amtrak-train-union-station-los-angeles-new-mexico-santa-fe-albuquerque,393907,192,text/html
https://www.latimes.com/entertainment-arts/story/2024-09-24/refik-anadol-dataland-ai-art-museum-the-grand-dtla,395505,187,text/html
https://www.latimes.com/food/list/food-staff-favorites-best-sandwiches-to-try-los-angeles,836111,272,text/html
https://www.latimes.com/vpuxyzgu0zg-123,283003,169,text/html
https://www.latimes.com/world-nation/story/2024-09-24/fbi-son-of-suspect-in-trump-assassination-attempt-arrested-on-child-sexual-abuse-images-charges,373576,179,text/html
https://www.latimes.com/entertainment-arts/tv/story/2024-09-24/frontline-the-choice-2024-harris-trump,403416,187,text/html
https://www.latimes.com/california/story/2024-09-24/swing-central-valley-district-will-cross-party-lines-for-best-candidate,402798,187,text/html
https://www.latimes.com/business/story/2024-09-24/hiltzik-column-trump-concepts-of-a-plan-healthcare-deadly,407754,199,text/html
https://www.latimes.com/travel/story/2024-09-23/universal-halloween-horror-nights-first-all-female-monster-maze,397858,171,text/html
https://www.latimes.com/lifestyle/story/2024-09-20/la-affairs-marisol-perea-i-am-crying-a-lot-lately-is-los-angeles-to-blame,374905,177,text/html
https://www.latimes.com/lifestyle/story/2024-09-20/la-times-news-quiz-september-20,417679,184,text/html
https://www.latimes.com/delos/story/2024-09-19/the-musica-mexicana-revolution-shaping-socal,426238,172,text/html
https://www.latimes.com/delos/story/2024-09-21/jorge-garcia-looks-back-20-years-of-lost-and-the-hurley-role-of-a-lifetime,377787,168,text/html
https://www.latimes.com/delos/story/2024-09-20/noche-de-cumbia-hollywood-bowl-the-ford,425770,174,text/html
https://www.latimes.com/environment/story/2024-09-22/california-plastic-bag-bill-signed-into-law,361631,170,text/html
https://www.latimes.com/entertainment-arts/business/story/2024-09-18/californias-film-industry-is-in-crisis-can-it-be-saved,437878,183,text/html
https://www.latimes.com/lifestyle/story/2024-09-17/laura-la-rue-converted-school-bus-is-home-in-ojai,451724,175,text/html
https://www.latimes.com/food/list/best-al-pastor-pork-tacos-in-los-angeles-101-guide,588201,209,text/html
https://www.latimes.com/delos/list/musica-mexicana-fashion-paisa-boys-ghetto-rodeo-cowboy-empire,485962,188,text/html
https://www.latimes.com/delos/list/musica-mexicana-in-los-angeles-nightclub-concert-live-band-dance,460830,185,text/html
https://www.latimes.com/lifestyle/list/things-to-do-weekend-trip-to-ventura,581198,231,text/html
https://www.latimes.com/food/list/best-bakeries-mooncakes-mid-autumn-festival-los-angeles,521246,188,text/html
https://www.latimes.com/food/list/best-latin-american-mexican-colombian-salvadoran-brazilian-restaurants-los-angeles,557649,207,text/html
https://www.latimes.com/food/list/best-pop-up-chefs-restaurants-los-angeles,508249,194,text/html
https://www.latimes.com/travel/list/redding-trails-best-things-to-do-guide,531047,197,text/html
https://www.latimes.com/travel/list/venice-los-angeles-neighborhood-guide-best-things-to-do,654863,229,text/html
https://www.latimes.com/sports/list/big-ten-football-stadium-guide,698479,327,text/html
https://www.latimes.com/food/list/best-salvadoran-restaurants-los-angeles-guide,533490,193,text/html
https://www.latimes.com/food/list/best-new-restaurants-and-bars-to-try-los-angeles-september-2024,661754,228,text/html
https://www.latimes.com/world-nation/story/2024-09-23/trump-wants-the-right-to-fire-any-federal-bureaucrat-he-sees-as-disloyal-he-wants-to-turn-the-government-into-an-army-of-suck-ups,411341,189,text/html
https://www.latimes.com/sports/usc/story/2024-09-22/usc-lincoln-riley-falters-pressure-michigan,358418,176,text/html
https://www.latimes.com/politics/story/2024-09-22/2024-election-barabak-column-kamala-harris-liberal-positions-2020-campaign,392905,210,text/html
https://www.latimes.com/environment/story/2024-09-24/bird-flu-outbreaks-increasing-among-california-dairy-herds,358686,170,text/html
https://www.latimes.com/california/story/2024-09-23/puppy-mill-pipeline-serious-alarms,393534,182,text/html
https://www.latimes.com/business/story/2024-09-23/southern-california-news-group-strike-authorization-vote-results,376494,179,text/html
https://www.latimes.com/sports/story/2024-09-24/brett-favre-parkinsons-congress-testimony-tanf-mississippi,373432,187,text/html
https://www.latimes.com/sports/usc/story/2024-09-24/reggie-bush-lawsuit-usc-pac-12-ncaa-nil,361371,185,text/html
https://www.latimes.com/entertainment-arts/books/story/2024-09-24/disney-channel-rise-fall-hilary-duff-miley-cyrus-demi-lovato-disney-high-book,380426,176,text/html
https://www.latimes.com/sports/story/2024-09-23/caitlin-clark-black-eye-wnba-playoffs-dijonai-carrington-fever-sun,378267,185,text/html
https://www.latimes.com/business/story/2024-09-24/justice-department-sues-visa-alleging-it-has-a-monopoly-in-debit-card-markets,360707,176,text/html
https://www.latimes.com/california/story/2024-09-24/tens-of-thousands-of-l-a-county-workers-could-go-on-strike-union-announces,370448,178,text/html
https://www.latimes.com/world-nation/story/2024-09-24/guatemala-to-send-150-military-police-officers-to-help-fight-gangs-in-haiti,356860,173,text/html
https://www.latimes.com/california/story/2024-09-24/single-family-landlord-invitation-homes-charged-junk-fees-employed-unfair-eviction-practices-ftc-alleges,367473,179,text/html
https://www.latimes.com/environment/story/2024-09-23/california-ag-files-suit-against-companies,387610,176,text/html
https://www.latimes.com/food/story/2024-09-24/guide-best-sandwiches-los-angeles,402008,170,text/html
https://www.latimes.com/food/story/2024-09-23/pastrami-face-off-whats-the-best-order-at-langers,421995,183,text/html
https://www.latimes.com/food/list/best-italian-restaurants-to-try-101-guide-los-angeles,518450,199,text/html
https://www.latimes.com/environment/story/2024-09-23/newsom-seeks-to-enlist-californians-in-climate-action,368819,176,text/html
https://www.latimes.com/environment/story/2024-09-22/wildfires-can-release-more-energy-than-an-atomic-bomb,376045,169,text/html
https://www.latimes.com/environment/story/2024-09-21/california-puts-another-farm-area-on-groundwater-probation,396693,173,text/html
https://www.latimes.com/environment/story/2024-09-20/seventeen-california-dairy-herds-infected-with-h5n1-bird-flu,352541,180,text/html
https://www.latimes.com/environment/story/2024-09-20/california-emissions-drop-2-4-due-to-electric-vehicles-cleaner-fuels,362704,169,text/html
https://www.latimes.com/environment/story/2024-09-15/some-l-a-teachers-tired-of-waiting-are-creating-their-own-climate-curriculum,393616,178,text/html
https://www.latimes.com/environment/story/2024-09-15/an-oasis-where-kids-learn-to-be-climate-literate-amid-trees-flower-beds-and-herbs,367461,171,text/html
https://www.latimes.com/environment/story/2024-09-15/welcome-to-the-farm-where-cows-pigs-and-sheep-are-part-of-the-climate-curriculum,367724,166,text/html
https://www.latimes.com/environment/story/2024-09-15/lessons-in-fifth-grade-chemistry-the-earth-has-a-fever-from-burning-fossil-fuels,358939,166,text/html
https://www.latimes.com/environment/story/2024-09-15/social-justice-and-equity-are-built-into-everything-we-teach,370287,168,text/html
https://www.latimes.com/environment/story/2024-09-15/climate-inspired-games-help-educate-kids,375975,170,text/html
https://www.latimes.com/environment/story/2024-09-15/ed-humes-are-we-drowning-in-total-garbage,385612,171,text/html
https://www.latimes.com/environment/story/2024-09-13/a-key-ally-in-the-battle-against-climate-change-people-over-60,403634,184,text/html
https://www.latimes.com/environment/story/2024-09-13/gen-z-will-they-finally-solve-the-plastic-crisis,371771,174,text/html
https://www.latimes.com/environment/story/2024-09-12/can-anything-slow-fast-fashion-down-lawmakers-are-giving-it-a-go,382085,173,text/html
https://www.latimes.com/environment/story/2024-09-12/paradox-retail-great-prices-bad-for-planet-fast-fashion,427647,184,text/html
https://www.latimes.com/environment/story/2024-09-12/the-fast-fashion-mountain-of-shame-is-real,341453,167,text/html
https://www.latimes.com/environment/story/2024-09-12/young-climate-activists-find-powerful-voice-in-social-media,394248,193,text/html
https://www.latimes.com/environment/story/2024-09-12/climate-scientists-tiktok-instagram,382945,194,text/html
https://www.latimes.com/environment/story/2024-09-11/climate-anxiety-essay,399650,192,text/html
https://www.latimes.com/environment/story/2024-09-11/climate-anxiety-and-the-kid-question,402126,165,text/html
https://www.latimes.com/environment/story/2024-09-11/climate-change-book-recommendations,405861,198,text/html
https://www.latimes.com/environment/story/2024-09-11/comic-climate-anxiety,378990,162,text/html
https://www.latimes.com/environment/story/2024-09-10/la-enviro-sunrise-movement-aru-shiney-ajay,392231,178,text/html
https://www.latimes.com/environment/story/2024-09-10/protest-is-everywhere-but-climate-activists-have-the-monopoly-on-art-for-now,392651,185,text/html
https://www.latimes.com/environment/story/2024-09-09/hotter-drier-different-how-climate-change-will-alter-l-a,459478,202,text/html
https://www.latimes.com/environment/story/2024-09-09/how-to-navigate-the-green-economy-here-are-four-success-stories,385127,186,text/html
https://www.latimes.com/environment/story/2024-09-09/for-these-california-kids-the-fight-against-climate-change-is-personal,418010,180,text/html
https://www.latimes.com/environment/story/2024-09-09/children-are-glued-to-screens-and-stuck-inside-can-forest-schools-offer-an-antidote,412715,188,text/html
https://www.latimes.com/entertainment-arts/music/story/2024-09-24/dave-mason-cancels-tour-serious-heart-condition,388727,184,text/html
https://www.latimes.com/entertainment-arts/music/story/2024-09-24/young-dolph-death-memphis-confession-testimony,388760,177,text/html
https://www.latimes.com/entertainment-arts/tv/story/2024-09-24/michael-strahan-grandchild-tanita-onyx,368662,183,text/html
https://www.latimes.com/entertainment-arts/business/story/2024-09-24/paramount-starts-phase-two-of-its-planned-layoffs,361647,176,text/html
https://www.latimes.com/entertainment-arts/business/newsletter/2024-09-24/wide-shot-rebel-ridge-jeremy-saulnier-punk-rock-the-wide-shot,358378,193,text/html
https://www.latimes.com/sports/dodgers/story/2024-09-24/shohei-ohtani-stolen-bases-50-50-season,391633,171,text/html
https://www.latimes.com/sports/rams/story/2024-09-23/rams-save-season-awestruck-win-49ers-sean-mcvay,380004,173,text/html
https://www.latimes.com/sports/story/2024-09-24/congresswoman-barbara-lee-oakland-athletics-las-vegas,385797,194,text/html
https://www.latimes.com/sports/ucla/story/2024-09-24/ucla-football-big-ten-start-time-oregon,355641,181,text/html
https://www.latimes.com/sports/chargers/story/2024-09-23/chargers-safety-derwin-james-suspended-one-game,354114,174,text/html
https://www.latimes.com/00000192-24f3-d629-a99e-f6fbbd000000-123,269759,151,text/html
https://www.latimes.com/espanol/deportes/articulo/2024-09-24/flick-se-siente-optimista-con-pena-como-arquero-titular-del-barca-tras-lesion-de-ter-stegen,250061,58,text/html
https://www.latimes.com/espanol/deportes/articulo/2024-09-24/jonron-de-campo-de-chapman-impulsa-a-gigantes-a-una-victoria-6-3-sobre-diamondbacks,234130,55,text/html
https://www.latimes.com/espanol/deportes/articulo/2024-09-24/san-luis-sera-la-sede-de-eeuu-como-local-en-cuartos-de-final-de-la-liga-de-naciones,232245,55,text/html
https://www.latimes.com/california/story/2024-09-10/photos-fires-ravaging-california-after-heat-wave,467081,183,text/html
https://www.latimes.com/sports/story/2024-09-06/photos-john-john-florence-and-xxxx-crowned-as-surfings-world-champions-in-lexus-wsl-finals,413845,166,text/html
https://www.latimes.com/sports/story/2024-09-02/usc-thrilling-win-over-lsu-in-las-vegas,400848,169,text/html
https://www.latimes.com/sports/olympics/story/2024-07-28/behind-the-lens-a-photojournalists-take-on-the-2024-paris-olympics,442761,169,text/html
https://www.latimes.com/politics/story/2024-08-20/photos-dnc-underway-in-chicago-with-an-energized-harris-walz-ticket,468436,171,text/html
https://www.latimes.com/00000192-070c-d4a4-af96-57fe78860000-123,273185,154,text/html
https://www.latimes.com/world-nation/story/2024-09-23/israel-intensifies-barrage-of-lebanon,379703,178,text/html
https://www.latimes.com/world-nation/story/2024-09-24/biden-in-farewell-u-n-address-says-peace-still-possible-in-mideast-and-ukraine,392196,183,text/html
https://www.latimes.com/sports/newsletter/2024-09-24/padres-dodgers-dugout,345326,178,text/html
https://www.latimes.com/california/newsletter/2024-09-24/the-rancho-palos-verdes-landslide-keeps-accelerating-can-the-city-slow-it-down-essential-california,369753,210,text/html
https://www.latimes.com/lifestyle/image/story/2024-09-23/la-times-image-magazine-soho-house-party,1352834,177,text/html
https://www.latimes.com/lifestyle/image/story/2024-09-16/eric-solis-photographs-planeta-wavey-in-mexico-city,416018,168,text/html
https://www.latimes.com/lifestyle/image/story/2024-09-16/guillermo-cuevas-of-dunrite-leatherworks-makes-studded-belt,395514,171,text/html
https://www.latimes.com/lifestyle/image/story/2024-09-16/coveted-fall-fashion,368673,171,text/html
https://www.latimes.com/delos?utm_source=marketing_content&utm_medium=homepagebarker&utm_campaign=delos23&utm_content=nov23_hpbarker,482009,174,text/html
https://www.latimes.com/games/daily-crossword?utm_source=LATIMES&utm_medium=homepagebarker&utm_campaign=games,413852,161,text/html
https://www.latimes.com/bestcovery/?utm_source=on_site&utm_medium=homepagebarker&utm_campaign=bestcovery,85307,41,text/html
https://www.latimes.com/compare-deals?utm_source=on_site&utm_medium=homepagebarker&utm_campaign=compare_deals,178541,252,text/html
https://www.latimes.com/coupon-codes?utm_source=on_site&utm_medium=homepagebarker&utm_campaign=coupon_codes,185228,103,text/html
https://www.latimes.com/world-nation/story/2024-09-24/us-navy-replenishment-ship-operating-in-mideast-was-damaged-in-an-incident-officials-say,361451,174,text/html
https://www.latimes.com/california/story/2024-09-24/family-find-body-missing-indigenous-woman-san-bernardino-desert,361019,181,text/html
https://www.latimes.com/california/story/2024-09-23/man-sentenced-sent-son-rob-kill-rapper-pnb-rock,363161,181,text/html
https://www.latimes.com/world-nation/story/2024-09-24/maryland-sues-the-owner-and-manager-of-the-ship-that-caused-the-key-bridge-collapse,363033,172,text/html
https://www.latimes.com/world-nation/story/2024-09-24/ukraine-says-its-soldiers-recaptured-a-russian-stronghold-after-hand-to-hand-fighting,366817,173,text/html
https://www.latimes.com/world-nation/story/2024-09-24/head-of-united-nations-calls-global-situation-unsustainable-as-annual-meeting-of-leaders-opens,389786,175,text/html
https://www.latimes.com/world-nation/story/2024-09-24/tropical-storm-helene-forms-in-caribbean-and-is-expected-to-become-a-hurricane-and-move-toward-us,388280,179,text/html
https://www.latimes.com/business/story/2024-09-24/boeing-makes-a-final-offer-to-striking-workers-but-union-says-its-not-good-enough,359678,171,text/html
https://www.latimes.com/business/story/2024-09-23/stock-market-today-wall-street-drifts-higher-to-set-more-records,358858,171,text/html
https://www.latimes.com/business/story/2024-09-23/pharmacy-unionizing-efforts-build-momentum-as-cvs-workers-in-redlands-file-for-election,371828,178,text/html
https://www.latimes.com/business/story/2024-09-23/alcohol-free-beer-is-gaining-popularity-even-at-oktoberfest,355241,171,text/html
https://www.latimes.com/sports/story/2024-09-22/mercury-morris-miami-dolphins-dies-obit,371040,176,text/html
https://www.latimes.com/entertainment-arts/story/2024-09-21/kathryn-crosby-actor-and-widow-of-famed-singer-and-oscar-winning-actor-bing-crosby-dies-at-90,354049,172,text/html
https://www.latimes.com/entertainment-arts/music/story/2024-09-17/jd-souther-songwriter-eagles-linda-ronstadt-dead,401148,190,text/html
https://www.latimes.com/entertainment-arts/story/2024-09-16/michaela-deprince-dead-ballerina-beyonce-madonna,375204,192,text/html
https://www.latimes.com/entertainment-arts/story/2024-09-23/san-diego-symphony-jacobs-music-center-opening,391246,176,text/html
https://www.latimes.com/travel/story/2024-09-20/adult-recess-groups-leagues-dodgeball-double-dutch-kickball-pickleball,369937,184,text/html
https://www.latimes.com/lifestyle/story/2024-09-20/sunday-funday-tony-hawk-things-to-do-los-angeles,408623,189,text/html
https://www.latimes.com/lifestyle/story/2024-09-19/circus-vargas-this-daredevil-has-a-dangerous-act-the-globe-of-death-his-priest-is-on-standby,448351,181,text/html
https://www.latimes.com/topic/times-investigations,416119,163,text/html
https://www.latimes.com/california/story/2024-09-18/california-legal-weed-industry-in-tumult-after-times-pesticide-investigation,405818,189,text/html
https://www.latimes.com/california/story/2024-09-15/with-more-gambling-case-likely-ohtani-debacle-is-a-lesson-to-mlb,394160,182,text/html
https://www.latimes.com/california/story/2024-09-12/how-we-reported-the-story,379408,172,text/html
https://www.latimes.com/california/story/2024-09-12/did-your-dog-come-from-out-of-state,371038,173,text/html
https://www.latimes.com/lifestyle/story/2024-09-13/la-affairs-julia-morrow-we-felt-new-and-thrilling-together-why-did-he-keep-ghosting-me,383959,179,text/html
https://www.latimes.com/lifestyle/story/2024-09-06/la-affairs-bernie-lautrette-he-said-i-was-smarter-and-funnier-than-his-ex,388398,181,text/html
https://www.latimes.com/lifestyle/story/2024-08-30/la-affairs-lynn-brown-rosenberg-i-went-to-the-er-i-might-have-left-with-a-boyfriend,396413,180,text/html
https://www.latimes.com/lifestyle/story/2024-08-23/la-affairs-nicole-lise-feingold-i-noticed-red-flags-but-i-wanted-to-go-salsa-dancing,392953,182,text/html
https://www.latimes.com/bestcovery,85145,41,text/html
https://www.latimes.com/bestcovery/about-us,62006,28,text/html
https://www.latimes.com/bestcovery/beast-blender-review,78736,30,text/html
https://www.latimes.com/bestcovery/blendtec-go-personal-blender-review,77007,30,text/html
https://www.latimes.com/bestcovery/vitamix-propel-510-blender-review,77634,30,text/html
https://www.latimes.com/bestcovery/blendtec-total-blender-classic-review,77231,30,text/html
https://www.latimes.com/bestcovery/cariloha-bamboo-sheets-review,81864,30,text/html
https://www.latimes.com/bestcovery/standing-desk-comparison-and-review,91326,34,text/html
https://www.latimes.com/bestcovery/humidifier-comparison-which-one-is-best-for-your-budget,82350,32,text/html
https://www.latimes.com/footersubscribe,41475,8,text/html
https://www.latimes.com/sitemap,261587,429,text/html
https://www.latimes.com/bestcovery/?utm_source=on_site&utm_medium=footer&utm_campaign=bestcovery,85291,41,text/html
